{
  "aura_system": {
    "version": "1.0",
    "name": "Aura AI Robot - Bengali Focus",
    "description": "Comprehensive AI assistant with Bengali language support, face recognition, OCR, voice processing, and long-term memory",
    "created": "2025-06-23",
    "architecture": {
      "backend": "Flask + Python",
      "frontend": "Bootstrap + Vanilla JS",
      "database": "SQLite (local) + Google Drive (backup)",
      "ai_services": ["OpenAI GPT", "Google Translate", "Google TTS", "Tesseract OCR"]
    }
  },
  "features": {
    "1_ocr_vision": {
      "name": "Vision-Based Text Reading (OCR Vision)",
      "status": "implemented",
      "endpoint": "/ocr_image",
      "method": "POST",
      "description": "Reads books, notebooks, or any text through camera using Tesseract OCR",
      "languages": ["bengali", "english"],
      "flow": [
        "Camera capture → Image upload",
        "OpenCV preprocessing → Noise reduction",
        "Tesseract OCR (ben+eng) → Text extraction",
        "Store in image_memory table",
        "Return extracted text + language detection"
      ],
      "database_table": "image_memory",
      "fields": ["description", "timestamp", "ocr_text", "path"]
    },
    "2_emotion_display": {
      "name": "Emotion Display with Emoji",
      "status": "implemented",
      "endpoint": "/emotion",
      "method": "POST",
      "description": "Detects facial expressions and displays appropriate emoji",
      "emoji_support": ["😄", "😢", "😠", "😍", "😮", "😐"],
      "flow": [
        "Image upload → Emotion detection",
        "Map emotion to emoji",
        "Store in emotions_log table",
        "Return emotion + emoji"
      ],
      "database_table": "emotions_log",
      "fields": ["timestamp", "emotion", "confidence", "face_id"]
    },
    "3_face_recognition": {
      "name": "Face Recognition with Name & Relationship Memory",
      "status": "implemented",
      "endpoints": {
        "add_face": "/face_add",
        "recognize": "/face_check",
        "detect": "/api/face_detect",
        "list_faces": "/api/face/list"
      },
      "description": "Recognizes faces and remembers names, relationships, and memories",
      "flow": [
        "Add Face: Upload image + name → Store encoding",
        "Recognition: Upload image → Match with stored faces",
        "Memory: Track first_seen, last_seen, relationship notes"
      ],
      "database_table": "faces",
      "fields": ["name", "relationship", "notes", "first_seen", "last_seen", "face_encoding"]
    },
    "4_voice_processing": {
      "name": "Ability to Hear, Speak & Remember",
      "status": "implemented",
      "endpoints": {
        "speech_to_text": "/stt",
        "text_to_speech": "/tts",
        "speak": "/api/speak"
      },
      "description": "Voice input/output with Bengali/English support using Google APIs",
      "languages": ["bengali", "english", "hindi", "arabic"],
      "flow": [
        "Speech Input: Audio file → Speech Recognition → Text",
        "Speech Output: Text → Google TTS → MP3 audio",
        "Memory: Store conversations in voice_memory table"
      ],
      "database_table": "voice_memory",
      "fields": ["timestamp", "original_text", "translated_text", "language", "audio_path"]
    },
    "5_image_video_memory": {
      "name": "Image & Video Memory + Live Streaming",
      "status": "implemented",
      "endpoints": {
        "live_frame": "/api/live_frame",
        "upload": "/upload"
      },
      "description": "Live camera stream and image memory with metadata tagging",
      "flow": [
        "Live Stream: ESP32-CAM → Web UI display",
        "Image Upload → Metadata extraction → Storage",
        "Memory Search: Natural language queries for images"
      ],
      "database_table": "image_memory",
      "search_capability": "Natural language image description search"
    },
    "6_private_memory": {
      "name": "Private Memory with PIN Lock",
      "status": "implemented",
      "endpoint": "/api/unlock",
      "description": "PIN-protected private memories and settings",
      "flow": [
        "PIN validation → Access control",
        "Private memory tagging (is_private=1)",
        "Filtered search results based on access level"
      ],
      "database_field": "is_private",
      "default_pin": "1234"
    },
    "7_long_term_storage": {
      "name": "Memory Storage for 30-40 Years",
      "status": "implemented",
      "endpoints": {
        "backup": "/api/backup",
        "restore": "/api/restore",
        "search": "/api/memory/search",
        "timeline": "/api/memory/timeline"
      },
      "description": "Long-term memory with local SQLite + cloud backup",
      "storage_strategy": [
        "Local SQLite databases for fast access",
        "JSON backup/restore functionality",
        "Google Drive integration (requires credentials)",
        "Memory timeline with 30-day default view"
      ],
      "database_tables": ["memories", "image_memory", "voice_memory", "faces", "emotions_log"]
    },
    "8_self_identity": {
      "name": "Self-Identity as Aura",
      "status": "implemented",
      "description": "AI assistant with consistent personality and identity",
      "personality": {
        "name": "Aura",
        "greeting": "I'm Aura, your AI friend",
        "idle_responses": ["I'm here, ask me anything!", "How can I help you today?"],
        "language_preference": "Bengali/English bilingual"
      },
      "integration": "Built into AI chat responses and system messages"
    },
    "9_multilingual_support": {
      "name": "Multilingual Understanding, Reading & Speaking",
      "status": "implemented",
      "endpoint": "/api/translate",
      "description": "Translation engine with multiple language support",
      "languages": ["bengali", "hindi", "english", "arabic", "urdu"],
      "services": {
        "translation": "Google Translate API",
        "ocr": "Tesseract (ben+eng)",
        "tts": "Google TTS (multiple languages)",
        "speech_recognition": "Google Speech API"
      },
      "flow": [
        "Text input → Language detection",
        "Translation to target language",
        "Store original + translated in memory"
      ]
    },
    "10_servo_movement": {
      "name": "Servo-Based Eye & Movement Control",
      "status": "placeholder",
      "description": "Physical robot movement control (ESP32 integration required)",
      "hardware": {
        "servos": 4,
        "functions": ["neck_horizontal", "neck_vertical", "wheel_left", "wheel_right"]
      },
      "voice_commands": [
        "look left", "look right", "look up", "look down",
        "go forward", "go backward", "turn left", "turn right"
      ],
      "note": "Requires ESP32 hardware integration"
    },
    "11_wifi_management": {
      "name": "WiFi Auto-Connect & Management",
      "status": "implemented",
      "endpoints": {
        "scan": "/api/wifi_scan",
        "connect": "/api/wifi_connect"
      },
      "description": "WiFi network management through web interface",
      "flow": [
        "Scan available networks",
        "Display signal strength",
        "Connect with credentials",
        "Auto-connect to strongest saved network"
      ]
    },
    "12_voice_qa": {
      "name": "Voice Q&A from Memory",
      "status": "implemented",
      "endpoints": {
        "ai_console": "/api/ai_console",
        "gpt_chat": "/api/gpt_chat"
      },
      "description": "Voice-based question answering using stored memories",
      "flow": [
        "Voice input → Speech to text",
        "Search memory database for relevant answers",
        "Generate AI response if no memory match",
        "Text to speech → Audio output"
      ],
      "ai_integration": "OpenAI GPT for enhanced responses"
    },
    "13_web_admin_lock": {
      "name": "Web Admin Panel Lock with PIN",
      "status": "implemented",
      "endpoint": "/api/unlock",
      "description": "PIN-protected web interface access",
      "security": {
        "pin_validation": "Server-side verification",
        "session_management": "Flask sessions",
        "private_data_protection": "Access level filtering"
      }
    },
    "14_live_camera": {
      "name": "ESP32-CAM Live Stream via HTML",
      "status": "implemented",
      "endpoint": "/api/live_frame",
      "description": "Live camera feed accessible through web interface",
      "implementation": "Placeholder image currently, ESP32-CAM integration ready"
    },
    "15_comprehensive_memory": {
      "name": "Memory of Everything Seen, Heard, Read & Said",
      "status": "implemented",
      "description": "Complete memory system storing all interactions",
      "memory_types": [
        "Visual: OCR text, image descriptions, face recognition",
        "Audio: Voice conversations, TTS responses",
        "Text: Chat messages, AI responses, translations",
        "Emotions: Detected emotions with timestamps"
      ],
      "storage": {
        "local": "SQLite databases",
        "backup": "JSON export/import",
        "cloud": "Google Drive integration ready"
      },
      "search": "Natural language search across all memory types"
    }
  },
  "database_schema": {
    "face_memory.db": {
      "faces": {
        "fields": ["id", "name", "relationship", "notes", "first_seen", "last_seen", "face_encoding"],
        "purpose": "Store face recognition data and relationship information"
      }
    },
    "memory.db": {
      "memories": {
        "fields": ["id", "timestamp", "type", "question", "answer", "language", "is_private", "tags"],
        "purpose": "Main conversation and interaction memory"
      },
      "image_memory": {
        "fields": ["id", "description", "path", "timestamp", "ocr_text", "emotions"],
        "purpose": "Visual memory with OCR text and image metadata"
      },
      "voice_memory": {
        "fields": ["id", "timestamp", "original_text", "translated_text", "language", "audio_path"],
        "purpose": "Audio interactions and translations"
      },
      "emotions_log": {
        "fields": ["id", "timestamp", "emotion", "confidence", "face_id"],
        "purpose": "Emotion detection history"
      }
    },
    "aura.db": {
      "surveillance": {
        "fields": ["id", "filename", "timestamp", "detected_faces", "activity_level"],
        "purpose": "Camera surveillance and activity logging"
      },
      "system_logs": {
        "fields": ["id", "timestamp", "event_type", "message", "severity"],
        "purpose": "System events and error logging"
      },
      "settings": {
        "fields": ["key", "value", "updated_at"],
        "purpose": "System configuration and preferences"
      }
    }
  },
  "api_endpoints": {
    "core_functionality": {
      "/": "Main dashboard",
      "/api/memory": "Get all memories",
      "/api/unlock": "PIN authentication",
      "/api/status": "System status"
    },
    "vision_processing": {
      "/ocr_image": "Extract text from images",
      "/emotion": "Detect emotions from faces",
      "/api/face_detect": "Detect faces in images",
      "/face_add": "Add new face to database",
      "/face_check": "Recognize existing faces"
    },
    "voice_processing": {
      "/stt": "Speech to text conversion",
      "/tts": "Text to speech generation",
      "/api/speak": "Generate speech audio",
      "/api/translate": "Translate text between languages"
    },
    "memory_management": {
      "/api/memory/search": "Search memories by query",
      "/api/memory/add": "Add new memory manually",
      "/api/memory/timeline": "Get memory timeline",
      "/api/face/list": "List all recognized faces"
    },
    "ai_interaction": {
      "/api/ai_console": "AI assistant queries",
      "/api/gpt_chat": "Conversational AI chat",
      "/api/weather": "Weather information"
    },
    "system_management": {
      "/api/backup": "Export all data",
      "/api/restore": "Import backup data",
      "/api/wifi_scan": "Scan WiFi networks",
      "/api/wifi_connect": "Connect to WiFi",
      "/api/command": "System commands"
    }
  },
  "hardware_integration": {
    "esp32_cam": {
      "purpose": "Live camera streaming",
      "status": "ready_for_integration",
      "interface": "HTTP stream to Flask backend"
    },
    "microphone": {
      "model": "INMP441 (I2S)",
      "purpose": "Voice input for speech recognition",
      "status": "software_ready"
    },
    "speaker": {
      "model": "MAX98357A",
      "purpose": "Audio output for TTS and responses",
      "status": "software_ready"
    },
    "servos": {
      "count": 4,
      "functions": ["neck_horizontal", "neck_vertical", "wheel_left", "wheel_right"],
      "control": "Voice commands + API endpoints",
      "status": "placeholder_implementation"
    }
  },
  "external_services": {
    "required": {
      "google_translate": {
        "purpose": "Text translation between languages",
        "status": "implemented",
        "library": "googletrans"
      },
      "google_tts": {
        "purpose": "Text to speech in multiple languages",
        "status": "implemented",
        "library": "gtts"
      },
      "tesseract_ocr": {
        "purpose": "Text extraction from images",
        "status": "implemented",
        "library": "pytesseract"
      }
    },
    "optional": {
      "openai_gpt": {
        "purpose": "Enhanced AI responses and conversations",
        "status": "conditional",
        "requirement": "OPENAI_API_KEY environment variable"
      },
      "google_drive": {
        "purpose": "Cloud backup of memories",
        "status": "ready",
        "requirement": "Google Drive API credentials"
      },
      "firebase": {
        "purpose": "Real-time data synchronization",
        "status": "ready",
        "requirement": "Firebase service account key"
      }
    }
  },
  "deployment": {
    "platform": "Replit",
    "server": "Gunicorn WSGI",
    "port": 5000,
    "host": "0.0.0.0",
    "environment": "Python 3.11",
    "auto_scaling": true,
    "workflow": "Start application"
  },
  "file_structure": {
    "main.py": "Flask application entry point",
    "templates/index.html": "Main web interface",
    "static/js/app.js": "Frontend application logic",
    "static/js/api.js": "API communication wrapper",
    "static/css/style.css": "UI styling",
    "uploads/": "Temporary file uploads",
    "audio/": "Generated TTS audio files",
    "memory_images/": "Stored image memories",
    "*.db": "SQLite database files"
  },
  "future_enhancements": {
    "priorities": [
      "ESP32 hardware integration for camera and servos",
      "Real-time WebRTC video calling features",
      "Advanced emotion recognition with confidence scores",
      "Natural language processing for Bengali conversations",
      "Gesture recognition for touchless interaction",
      "Smart home integration (IoT device control)",
      "Offline mode capabilities",
      "Mobile app companion"
    ]
  }
}